bairro;codbnum;regiao_adm;codra;ra;rp;cod_rp;ap;area_plane;Pessoas alfabetizadas, Sexo masculino, 15 a 19 anos;Pessoas alfabetizadas, Sexo feminino, 15 a 19 anos;Pessoas alfabetizadas, Sexo masculino, 20 a 24 anos;Pessoas alfabetizadas, Sexo feminino, 20 a 24 anos;Pessoas alfabetizadas, Sexo masculino, 25 a 29 anos;Pessoas alfabetizadas, Sexo feminino, 25 a 29 anos;Pessoas alfabetizadas, Sexo masculino, 30 a 34 anos;Pessoas alfabetizadas, Sexo feminino, 30 a 34 anos;Pessoas alfabetizadas, Sexo masculino, 35 a 39 anos;Pessoas alfabetizadas, Sexo feminino, 35 a 39 anos;Pessoas alfabetizadas, Sexo masculino, 40 a 44 anos;Pessoas alfabetizadas, Sexo feminino, 40 a 44 anos;Pessoas alfabetizadas, Sexo masculino, 45 a 49 anos;Pessoas alfabetizadas, Sexo feminino, 45 a 49 anos;Pessoas alfabetizadas, Sexo masculino, 50 a 54 anos;Pessoas alfabetizadas, Sexo feminino, 50 a 54 anos;Pessoas alfabetizadas, Sexo masculino, 55 a 59 anos;Pessoas alfabetizadas, Sexo feminino, 55 a 59 anos;Pessoas alfabetizadas, Sexo masculino, 60 a 64 anos;Pessoas alfabetizadas, Sexo feminino, 60 a 64 anos;Pessoas alfabetizadas, Sexo masculino, 65 a 69 anos;Pessoas alfabetizadas, Sexo feminino, 65 a 69 anos;Pessoas alfabetizadas, Sexo masculino, 70 a 79 anos;Pessoas alfabetizadas, Sexo feminino, 70 a 79 anos;Pessoas alfabetizadas, Sexo masculino, 80 anos ou mais;Pessoas alfabetizadas, Sexo feminino, 80 anos ou mais
Abolição;70;MEIER;13;XIII Méier;Méier;3.2;Área de Planejamento 3;3;234;202;276;282;277;330;301;338;301;321;349;375;284;399;267;350;255;388;287;399;278;376;286;491;115;284
Acari;111;PAVUNA;25;XXV Pavuna;Pavuna;3.6;Área de Planejamento 3;3;1137;1219;1280;1347;1178;1397;1032;1243;1057;1286;1026;1217;870;996;638;767;496;632;378;533;314;390;250;387;48;112
Água Santa;67;MEIER;13;XIII Méier;Méier;3.2;Área de Planejamento 3;3;192;192;163;203;203;215;206;217;242;278;255;296;216;245;151;217;205;235;185;206;140;215;175;248;58;152
Alto da Boa Vista;34;TIJUCA;8;VIII Tijuca;Tijuca;2.2;Área de Planejamento 2;2;319;277;382;329;350;332;305;280;352;326;348;408;329;335;301;344;286;356;297;349;223;311;255;351;114;223
Anchieta;107;ANCHIETA;22;XXII Anchieta;Pavuna;3.6;Área de Planejamento 3;3;1793;1716;1866;1952;1861;2089;1703;1882;1688;2083;1916;2152;1537;1920;1467;1827;1385;1703;1213;1663;1027;1331;1043;1491;289;688
Andaraí;37;VILA ISABEL;9;IX Vila Isabel;Tijuca;2.2;Área de Planejamento 2;2;816;755;959;1019;1121;1284;1226;1339;1237;1362;1238;1483;960;1303;918;1206;957;1282;906;1375;768;1317;1017;1794;516;1252
Anil;116;JACAREPAGUA;16;XVI Jacarepaguá;Jacarepaguá;4.1;Área de Planejamento 4;4;895;826;897;987;1027;1215;1202;1352;1266;1496;1302;1494;999;1241;979;1138;862;1106;734;961;599;886;767;1153;259;619
Argentino;166;PENHA;11;XI Penha;Penha;3.5;Área de Planejamento 3;3;24;17;15;22;23;22;28;27;16;26;30;39;27;36;24;32;26;32;16;29;17;28;27;28;6;15
Bancários;97;ILHA DO GOVERNADOR;20;XX Ilha do Governador;Ilha do Governador;3.7;Área de Planejamento 3;3;325;358;394;463;418;507;415;458;396;410;410;462;327;407;315;349;270;329;238;313;217;304;251;364;89;173
Bangu;141;BANGU;17;XVII Bangu;Bangu;5.1;Área de Planejamento 5;5;6710;6557;7634;7775;7105;7720;7149;8058;7220;8239;7788;8829;6343;7653;6070;7305;5845;7270;5409;6968;4107;5480;4330;6406;1274;2894
Barra da Tijuca;128;BARRA DA TIJUCA;24;XXIV Barra da Tijuca;Barra da Tijuca;4.2;Área de Planejamento 4;4;3216;3040;3275;3475;3405;3900;4109;4973;5060;5789;5703;6490;4935;5896;4555;5575;4579;5364;4330;5234;3999;5049;6218;7852;2662;4208
Barra de Guaratiba;152;GUARATIBA;26;XXVI Guaratiba;Guaratiba;5.4;Área de Planejamento 5;5;144;130;154;151;153;142;165;168;162;161;199;207;172;169;175;193;167;154;126;136;122;124;149;144;31;72
Barra Olímpica;165;JACAREPAGUA;16;XVI Jacarepaguá;Jacarepaguá;4.1;Área de Planejamento 4;4;1373;1342;1350;1495;1598;1956;2212;2649;2736;3212;2986;3335;2161;2348;1707;1860;1448;1606;1125;1484;933;1345;1123;1695;335;721
Barros Filho;112;PAVUNA;25;XXV Pavuna;Pavuna;3.6;Área de Planejamento 3;3;724;698;748;874;689;840;763;854;717;841;738;847;571;658;538;627;461;543;382;508;294;387;269;412;68;140
Benfica;12;SAO CRISTOVAO;7;VII São Cristóvão;Centro;1.1;Área de Planejamento 1;1;715;619;753;788;733;815;766;754;766;854;770;915;615;717;607;739;545;637;478;598;346;513;409;630;146;313
Bento Ribeiro;89;MADUREIRA;15;XV Madureira;Madureira;3.3;Área de Planejamento 3;3;1028;1008;1174;1190;1225;1275;1084;1241;1160;1304;1248;1423;1096;1369;1134;1439;1168;1540;1131;1569;897;1301;1020;1746;464;1114
Bonsucesso;40;RAMOS;10;X Ramos;Ramos;3.1;Área de Planejamento 3;3;445;447;563;580;607;578;569;599;553;615;576;707;486;634;516;624;510;649;455;651;390;549;442;741;221;455
Botafogo;20;BOTAFOGO;4;IV Botafogo;Zona Sul;2.1;Área de Planejamento 2;2;1472;1419;2061;2134;2806;3092;3263;3370;3024;3498;3040;3551;2337;2946;1996;2595;2193;2857;2003;2863;1663;2529;2293;3950;1278;2949
Brás de Pina;45;PENHA;11;XI Penha;Penha;3.5;Área de Planejamento 3;3;1067;1102;1320;1318;1289;1351;1211;1318;1139;1347;1332;1547;1144;1386;1189;1415;1192;1445;1038;1365;857;1179;992;1528;375;876
Cachambi;65;MEIER;13;XIII Méier;Méier;3.2;Área de Planejamento 3;3;893;880;1052;1058;1045;1217;1248;1452;1407;1681;1561;1830;1292;1607;1178;1507;1170;1451;1121;1512;928;1453;1100;1999;495;1240
Cacuia;93;ILHA DO GOVERNADOR;20;XX Ilha do Governador;Ilha do Governador;3.7;Área de Planejamento 3;3;318;286;333;329;359;369;361;399;355;398;370;405;354;394;329;403;341;401;265;363;220;321;241;416;104;195
Caju;4;PORTUARIA;1;I Portuária;Centro;1.1;Área de Planejamento 1;1;852;823;973;981;936;943;951;1077;874;1004;938;1135;685;812;635;736;460;567;379;511;279;324;260;368;45;137
Camorim;129;BARRA DA TIJUCA;24;XXIV Barra da Tijuca;Barra da Tijuca;4.2;Área de Planejamento 4;4;55;47;58;65;44;53;47;54;53;56;51;43;37;39;32;34;27;23;32;22;11;16;23;26;6;16
Campinho;78;MADUREIRA;15;XV Madureira;Madureira;3.3;Área de Planejamento 3;3;241;248;262;262;268;278;265;302;287;301;297;371;252;328;268;347;291;335;225;323;179;297;219;394;106;266
Campo dos Afonsos;136;REALENGO;33;XXXIII Realengo;Bangu;5.1;Área de Planejamento 5;5;69;59;45;55;31;47;83;112;159;168;132;152;123;72;74;48;15;23;6;10;7;25;8;16;0;7
Campo Grande;144;CAMPO GRANDE;18;XVIII Campo Grande;Campo Grande;5.2;Área de Planejamento 5;5;11172;10796;11931;12054;11659;12649;11648;13454;12626;14326;13375;15178;11256;13292;10838;12645;9880;12127;8645;11072;6856;9465;7658;11383;2350;5031
Cascadura;82;MADUREIRA;15;XV Madureira;Madureira;3.3;Área de Planejamento 3;3;764;784;894;913;921;945;814;903;930;1034;971;1175;858;1041;793;997;719;963;739;927;596;839;663;1079;264;602
Catete;18;BOTAFOGO;4;IV Botafogo;Zona Sul;2.1;Área de Planejamento 2;2;469;462;662;668;843;917;883;1061;874;1039;832;1002;675;787;584;746;584;799;539;753;413;665;562;1180;307;841
Catumbi;6;RIO COMPRIDO;3;III Rio Comprido;Centro;1.1;Área de Planejamento 1;1;392;401;483;497;494;559;419;449;389;449;419;495;341;427;321;396;293;393;248;333;176;309;260;350;85;222
Cavalcanti;80;MADUREIRA;15;XV Madureira;Madureira;3.3;Área de Planejamento 3;3;408;405;517;434;437;478;482;469;557;639;619;621;485;525;475;471;408;446;384;438;260;357;293;426;104;216
Centro;5;CENTRO;2;II Centro;Centro;1.1;Área de Planejamento 1;1;379;409;635;655;961;979;1040;1024;1015;991;942;874;789;827;721;807;800;892;731;928;573;907;740;1287;327;820
Cidade de Deus;118;CIDADE DE DEUS;34;XXXIV Cidade de Deus;Jacarepaguá;4.1;Área de Planejamento 4;4;1125;1119;1274;1287;1180;1239;1038;1097;943;1104;904;1060;758;1006;816;1006;816;1036;675;864;450;611;392;693;114;376
Cidade Nova;8;RIO COMPRIDO;3;III Rio Comprido;Centro;1.1;Área de Planejamento 1;1;132;144;185;191;177;219;182;158;154;170;172;185;157;178;135;158;133;172;139;137;93;131;112;145;31;76
Cidade Universitária;105;ILHA DO GOVERNADOR;20;XX Ilha do Governador;Ilha do Governador;3.7;Área de Planejamento 3;3;45;41;58;75;49;59;49;53;37;39;45;41;32;42;38;39;47;40;32;31;21;20;13;28;10;12
Cocotá;96;ILHA DO GOVERNADOR;20;XX Ilha do Governador;Ilha do Governador;3.7;Área de Planejamento 3;3;109;124;132;139;162;191;183;198;173;207;189;210;165;160;157;197;158;207;164;202;125;166;120;220;70;167
Coelho Neto;110;PAVUNA;25;XXV Pavuna;Pavuna;3.6;Área de Planejamento 3;3;830;767;943;973;968;979;809;884;773;997;933;1057;791;1007;809;1009;806;1042;787;942;548;803;654;1085;233;570
Colégio;77;IRAJA;14;XIV Irajá;Madureira;3.3;Área de Planejamento 3;3;836;824;1001;1040;944;1037;988;1042;1000;1073;1004;1138;781;904;735;884;676;816;554;836;463;714;508;853;178;424
Complexo do Alemão;156;COMPLEXO DO ALEMÃO;29;XXIX Complexo do Alemão;Inhaúma;3.4;Área de Planejamento 3;3;2148;2253;2371;2405;2021;2361;1840;2056;1724;2028;1776;2113;1416;1701;1322;1651;1171;1398;956;1152;694;905;648;878;116;242
Copacabana;24;COPACABANA;5;V Copacabana;Zona Sul;2.1;Área de Planejamento 2;2;2084;2084;3143;3396;4303;4797;4819;5308;4605;5025;4524;5196;3562;4237;3408;4459;3771;4930;3667;5271;3335;5195;4825;8813;3067;7311
Cordovil;46;VIGARIO GERAL;31;XXXI Vigário Geral;Penha;3.5;Área de Planejamento 3;3;949;996;1156;1243;972;1251;1005;1083;1068;1225;1088;1319;1016;1175;1004;1187;925;1157;820;1084;657;912;773;1189;238;625
Cosme Velho;19;BOTAFOGO;4;IV Botafogo;Zona Sul;2.1;Área de Planejamento 2;2;195;188;218;197;203;186;178;206;217;245;240;281;193;221;141;179;192;240;186;225;129;192;219;289;72;140
Cosmos;147;CAMPO GRANDE;18;XVIII Campo Grande;Campo Grande;5.2;Área de Planejamento 5;5;3461;3304;3656;3774;3574;3891;3413;3887;3523;3971;3426;4075;2888;3457;2854;3283;2430;2850;2004;2465;1288;1849;1372;2035;353;720
Costa Barros;113;PAVUNA;25;XXV Pavuna;Pavuna;3.6;Área de Planejamento 3;3;968;1002;1085;1171;934;1121;821;971;828;1004;827;1025;691;825;665;803;594;696;481;653;393;464;376;521;56;155
Curicica;119;JACAREPAGUA;16;XVI Jacarepaguá;Jacarepaguá;4.1;Área de Planejamento 4;4;870;814;1024;1059;1085;1111;1046;1200;1057;1169;1070;1206;832;1008;867;1121;877;1056;791;923;527;747;578;808;249;476
Del Castilho;53;INHAUMA;12;XII Inhaúma;Inhaúma;3.4;Área de Planejamento 3;3;516;499;652;668;751;882;930;1042;972;1086;950;962;665;772;571;610;528;624;505;599;349;487;375;623;167;366
Deodoro;134;REALENGO;33;XXXIII Realengo;Bangu;5.1;Área de Planejamento 5;5;318;326;371;350;356;416;463;430;388;453;373;426;298;354;244;302;200;262;224;295;175;270;208;332;34;135
Encantado;68;MEIER;13;XIII Méier;Méier;3.2;Área de Planejamento 3;3;344;333;422;403;352;399;392;401;432;461;421;512;373;486;368;488;389;490;403;478;316;470;340;585;158;364
Engenheiro Leal;81;MADUREIRA;15;XV Madureira;Madureira;3.3;Área de Planejamento 3;3;216;198;177;198;152;142;160;159;166;214;219;255;199;191;140;172;143;155;161;152;97;116;84;115;19;65
Engenho da Rainha;55;INHAUMA;12;XII Inhaúma;Inhaúma;3.4;Área de Planejamento 3;3;731;669;818;797;793;932;808;927;862;1008;912;1055;769;919;642;842;641;844;554;800;472;756;536;938;200;522
Engenho de Dentro;66;MEIER;13;XIII Méier;Méier;3.2;Área de Planejamento 3;3;1095;1164;1275;1297;1278;1466;1431;1589;1467;1748;1777;1965;1409;1607;1236;1470;1225;1582;1148;1694;985;1532;1157;1988;498;1197
Engenho Novo;61;MEIER;13;XIII Méier;Méier;3.2;Área de Planejamento 3;3;1125;1059;1255;1288;1339;1568;1351;1494;1406;1587;1445;1694;1179;1391;1004;1349;991;1349;938;1309;778;1142;880;1440;324;819
Estácio;9;RIO COMPRIDO;3;III Rio Comprido;Centro;1.1;Área de Planejamento 1;1;608;601;753;835;756;1064;907;1156;907;1156;921;1031;701;845;641;803;579;736;552;702;373;537;444;667;119;286
Flamengo;15;BOTAFOGO;4;IV Botafogo;Zona Sul;2.1;Área de Planejamento 2;2;660;660;924;1032;1351;1647;1582;1892;1679;1884;1525;1837;1198;1509;1088;1490;1299;1654;1155;1742;1120;1826;1560;3030;1061;2486
Freguesia (Ilha);98;ILHA DO GOVERNADOR;20;XX Ilha do Governador;Ilha do Governador;3.7;Área de Planejamento 3;3;475;481;552;583;606;654;576;594;514;585;579;635;506;586;424;604;446;480;380;534;305;419;347;513;124;301
Freguesia (Jacarepaguá);120;JACAREPAGUA;16;XVI Jacarepaguá;Jacarepaguá;4.1;Área de Planejamento 4;4;1990;1962;2121;2232;2126;2379;2241;2706;2711;3234;3009;3596;2629;3075;2343;2892;2274;2869;1966;2614;1508;2250;1950;3264;861;1875
Galeão;104;ILHA DO GOVERNADOR;20;XX Ilha do Governador;Ilha do Governador;3.7;Área de Planejamento 3;3;745;723;748;818;672;834;844;946;861;957;810;951;736;762;540;576;431;510;341;499;282;375;226;345;41;131
Gamboa;2;PORTUARIA;1;I Portuária;Centro;1.1;Área de Planejamento 1;1;374;372;460;500;479;469;427;480;392;467;455;490;297;382;271;334;298;334;241;310;151;230;169;232;34;92
Gardênia Azul;117;JACAREPAGUA;16;XVI Jacarepaguá;Jacarepaguá;4.1;Área de Planejamento 4;4;647;649;852;904;816;1002;890;887;776;913;777;837;609;731;535;632;458;545;367;396;251;342;209;337;45;129
Gávea;29;LAGOA;6;VI Lagoa;Zona Sul;2.1;Área de Planejamento 2;2;321;330;389;377;381;393;407;441;445;549;528;636;449;557;384;509;398;512;347;556;386;614;592;938;266;555
Gericinó;160;BANGU;17;XVII Bangu;Bangu;5.1;Área de Planejamento 5;5;121;95;104;97;99;99;105;103;85;126;97;118;79;79;70;80;49;51;36;34;18;35;20;27;0;12
Glória;16;BOTAFOGO;4;IV Botafogo;Zona Sul;2.1;Área de Planejamento 2;2;96;86;123;187;282;339;322;374;309;322;295;321;203;233;150;275;224;275;216;305;173;306;237;443;130;307
Grajaú;38;VILA ISABEL;9;IX Vila Isabel;Tijuca;2.2;Área de Planejamento 2;2;751;732;892;906;933;1011;981;1125;1108;1251;1222;1440;942;1222;925;1236;974;1304;945;1367;816;1241;1028;1780;578;1446
Grumari;133;BARRA DA TIJUCA;24;XXIV Barra da Tijuca;Barra da Tijuca;4.2;Área de Planejamento 4;4;9;6;8;9;6;4;6;12;9;10;5;5;5;3;3;5;5;0;0;0;0;0;0;0;0;0
Guadalupe;106;ANCHIETA;22;XXII Anchieta;Pavuna;3.6;Área de Planejamento 3;3;1225;1263;1461;1384;1314;1511;1292;1517;1309;1625;1442;1710;1272;1480;1139;1504;1148;1427;1014;1312;848;1283;1092;1804;396;807
Guaratiba;151;GUARATIBA;26;XXVI Guaratiba;Guaratiba;5.4;Área de Planejamento 5;5;5745;5786;6248;6248;5710;6057;5359;5917;5476;6327;5817;6718;4998;5518;4256;4911;3590;4080;2749;3252;1938;2490;1947;2664;401;923
Higienópolis;50;INHAUMA;12;XII Inhaúma;Inhaúma;3.4;Área de Planejamento 3;3;397;337;408;438;464;489;434;562;553;608;542;631;488;532;430;529;398;583;383;546;381;506;412;610;153;359
Honório Gurgel;87;MADUREIRA;15;XV Madureira;Madureira;3.3;Área de Planejamento 3;3;567;610;616;651;637;668;532;638;549;646;596;786;559;623;462;671;521;619;486;658;344;500;474;710;163;367
Humaitá;21;BOTAFOGO;4;IV Botafogo;Zona Sul;2.1;Área de Planejamento 2;2;248;248;232;282;362;386;456;455;456;559;504;642;404;545;355;443;356;526;372;541;318;575;510;781;267;604
Ilha de Guaratiba;164;GUARATIBA;26;XXVI Guaratiba;Guaratiba;5.4;Área de Planejamento 5;5;235;218;299;236;212;218;183;211;209;228;342;385;231;223;237;227;127;162;142;136;87;101;83;101;23;45
Imperial de São Cristóvão;10;SAO CRISTOVAO;7;VII São Cristóvão;Centro;1.1;Área de Planejamento 1;1;759;716;889;849;839;963;924;966;966;1110;1010;1163;847;993;722;872;704;829;656;820;493;692;598;937;253;549
Inhaúma;54;INHAUMA;12;XII Inhaúma;Inhaúma;3.4;Área de Planejamento 3;3;1167;1160;1294;1316;1287;1337;1199;1423;1235;1458;1299;1460;1066;1343;1131;1301;1086;1246;996;1229;731;1162;924;1432;355;763
Inhoaíba;146;CAMPO GRANDE;18;XVIII Campo Grande;Campo Grande;5.2;Área de Planejamento 5;5;2602;2464;2788;2758;2666;2887;2575;2908;2624;2951;2659;3029;2109;2564;2126;2374;1755;2151;1491;1855;1125;1483;1081;1444;230;547
Ipanema;25;LAGOA;6;VI Lagoa;Zona Sul;2.1;Área de Planejamento 2;2;680;666;841;810;1025;1148;1237;1340;1405;1410;1283;1509;1156;1286;1068;1255;1165;1419;1144;1449;994;1383;1591;2463;1014;2171
Irajá;76;IRAJA;14;XIV Irajá;Madureira;3.3;Área de Planejamento 3;3;2348;2192;2601;2569;2553;2863;2703;3003;3072;3411;3127;3803;2706;3325;2457;3260;2473;3254;2375;3375;1975;3125;2478;4367;980;2298
Itanhangá;127;BARRA DA TIJUCA;24;XXIV Barra da Tijuca;Barra da Tijuca;4.2;Área de Planejamento 4;4;2207;2304;3048;3316;3263;3383;3070;3371;2945;3210;2711;3046;2137;2415;1540;1854;1207;1519;890;1076;533;721;465;702;124;224
Jabour;163;BANGU;17;XVII Bangu;Bangu;5.1;Área de Planejamento 5;5;130;131;161;138;138;130;147;154;174;191;206;260;188;221;189;217;163;189;156;210;122;219;157;284;82;178
Jacaré;51;MEIER;13;XIII Méier;Méier;3.2;Área de Planejamento 3;3;262;281;300;315;304;303;244;324;261;318;288;327;233;274;215;282;227;241;169;227;141;202;174;239;64;142
Jacarepaguá;115;JACAREPAGUA;16;XVI Jacarepaguá;Jacarepaguá;4.1;Área de Planejamento 4;4;6074;6075;7394;7533;7650;7897;7482;7921;7118;7630;6551;7742;4939;5938;4423;5230;3449;4302;2933;3746;1900;2666;1878;2780;408;1076
Jacarezinho;155;JACAREZINHO;28;XXVIII Jacarezinho;Méier;3.2;Área de Planejamento 3;3;1282;1275;1549;1773;1327;1709;1383;1528;1199;1353;1332;1353;962;1041;843;928;720;907;644;779;508;643;439;573;85;210
Jardim América;49;VIGARIO GERAL;31;XXXI Vigário Geral;Penha;3.5;Área de Planejamento 3;3;601;582;724;705;658;724;700;759;675;773;719;818;608;700;615;800;665;873;596;806;519;645;472;793;201;496
Jardim Botânico;28;LAGOA;6;VI Lagoa;Zona Sul;2.1;Área de Planejamento 2;2;363;333;383;442;443;445;466;492;504;587;552;719;496;624;494;625;532;667;485;614;421;620;604;913;313;633
Jardim Carioca;100;ILHA DO GOVERNADOR;20;XX Ilha do Governador;Ilha do Governador;3.7;Área de Planejamento 3;3;604;576;680;690;690;674;646;698;620;790;788;891;703;782;656;732;709;754;550;727;462;624;530;788;224;431
Jardim Guanabara;99;ILHA DO GOVERNADOR;20;XX Ilha do Governador;Ilha do Governador;3.7;Área de Planejamento 3;3;679;613;814;759;800;794;839;897;841;1013;1070;1112;882;1054;837;1111;906;1090;829;997;699;987;1036;1472;534;937
Jardim Sulacap;137;REALENGO;33;XXXIII Realengo;Bangu;5.1;Área de Planejamento 5;5;360;359;417;421;438;486;514;551;572;640;558;650;505;552;441;501;503;604;442;517;290;411;343;512;156;298
Joá;126;BARRA DA TIJUCA;24;XXIV Barra da Tijuca;Barra da Tijuca;4.2;Área de Planejamento 4;4;24;20;14;20;21;29;32;31;50;44;44;41;46;50;49;40;36;40;27;34;19;24;47;46;21;25
Lagoa;27;LAGOA;6;VI Lagoa;Zona Sul;2.1;Área de Planejamento 2;2;379;356;400;386;387;401;478;521;610;699;686;781;648;734;499;672;635;752;661;770;550;815;918;1195;454;695
Lapa;161;CENTRO;2;II Centro;Centro;1.1;Área de Planejamento 1;1;113;120;235;231;405;396;445;428;436;412;413;392;337;308;262;331;331;338;259;324;225;328;244;483;103;251
Laranjeiras;17;BOTAFOGO;4;IV Botafogo;Zona Sul;2.1;Área de Planejamento 2;2;786;785;936;977;1178;1243;1263;1395;1442;1698;1578;1848;1253;1505;1059;1431;1216;1595;1215;1616;912;1516;1345;2333;738;1783
Leblon;26;LAGOA;6;VI Lagoa;Zona Sul;2.1;Área de Planejamento 2;2;688;649;816;775;934;996;1095;1244;1195;1395;1339;1536;1192;1460;1089;1284;1076;1432;1165;1565;1109;1556;1736;2768;1109;2210
Leme;23;COPACABANA;5;V Copacabana;Zona Sul;2.1;Área de Planejamento 2;2;219;221;312;354;404;469;484;462;464;529;443;504;371;423;346;387;396;467;305;487;302;433;498;796;261;584
Lins de Vasconcelos;62;MEIER;13;XIII Méier;Méier;3.2;Área de Planejamento 3;3;845;780;1024;1087;980;1162;1092;1220;1128;1411;1070;1247;960;1149;871;1117;794;1134;827;1029;603;919;641;1182;311;810
Madureira;83;MADUREIRA;15;XV Madureira;Madureira;3.3;Área de Planejamento 3;3;1166;1102;1361;1356;1229;1403;1286;1377;1352;1532;1425;1586;1139;1407;1162;1379;1168;1440;1076;1468;865;1357;1053;1722;398;999
Magalhães Bastos;138;REALENGO;33;XXXIII Realengo;Bangu;5.1;Área de Planejamento 5;5;656;646;750;750;765;768;663;729;685;788;695;814;596;765;652;785;581;782;591;794;459;656;499;755;147;357
Mangueira;11;SAO CRISTOVAO;7;VII São Cristóvão;Centro;1.1;Área de Planejamento 1;1;698;739;800;872;684;825;586;739;623;789;556;733;450;597;430;528;361;544;306;455;235;358;223;347;22;120
Manguinhos;39;RAMOS;10;X Ramos;Ramos;3.1;Área de Planejamento 3;3;1130;1192;1274;1393;1219;1299;1051;1164;958;1056;926;1129;738;873;639;788;516;711;498;623;349;456;290;431;60;129
Maracanã;35;VILA ISABEL;9;IX Vila Isabel;Tijuca;2.2;Área de Planejamento 2;2;518;476;675;676;736;864;817;921;905;951;883;1007;665;884;650;844;690;884;679;974;597;913;772;1296;414;948
Maré;157;COMPLEXO DA MARE;30;XXX Maré;Ramos;3.1;Área de Planejamento 3;3;4566;4818;5411;5892;5228;5847;4918;5464;4588;5176;4471;4884;3412;4002;3016;3461;2300;2927;1863;2284;1253;1605;1195;1524;165;474
Marechal Hermes;90;MADUREIRA;15;XV Madureira;Madureira;3.3;Área de Planejamento 3;3;1325;1248;1389;1430;1402;1446;1248;1431;1279;1442;1329;1610;1194;1477;1191;1527;1258;1577;1159;1527;950;1388;1087;1679;410;958
Maria da Graça;52;INHAUMA;12;XII Inhaúma;Inhaúma;3.4;Área de Planejamento 3;3;164;163;204;213;226;300;272;296;256;268;304;323;232;276;211;232;224;275;228;267;192;268;233;320;88;202
Méier;63;MEIER;13;XIII Méier;Méier;3.2;Área de Planejamento 3;3;818;778;993;970;1100;1109;1092;1346;1263;1427;1308;1635;1096;1414;1083;1449;1235;1791;1240;1941;1168;1897;1565;2867;819;2107
Moneró;102;ILHA DO GOVERNADOR;20;XX Ilha do Governador;Ilha do Governador;3.7;Área de Planejamento 3;3;124;121;171;167;166;202;185;205;184;223;187;206;156;196;168;239;195;238;163;226;143;197;208;318;125;262
Olaria;42;RAMOS;10;X Ramos;Ramos;3.1;Área de Planejamento 3;3;1481;1423;1663;1710;1671;1775;1511;1779;1597;1831;1712;2137;1507;1902;1562;1936;1510;1972;1387;1868;1075;1674;1379;2535;665;1472
Osvaldo Cruz;88;MADUREIRA;15;XV Madureira;Madureira;3.3;Área de Planejamento 3;3;762;746;983;1000;973;1063;880;951;926;1033;999;1204;906;1078;910;1150;934;1217;887;1239;743;1101;838;1429;369;870
Paciência;148;SANTA CRUZ;19;XIX Santa Cruz;Santa Cruz;5.3;Área de Planejamento 5;5;4043;3831;4129;4128;3839;4085;3341;3875;3653;4134;3878;4512;3228;3805;2921;3349;2487;3009;2188;2896;1597;2204;1733;2459;393;884
Padre Miguel;140;BANGU;17;XVII Bangu;Bangu;5.1;Área de Planejamento 5;5;1751;1789;2061;2048;1735;1904;2028;2404;2309;2450;2405;2645;1992;2254;1805;2109;1670;2078;1762;2121;1315;1695;1495;1948;359;871
Paquetá;13;PAQUETA;21;XXI Paquetá;Centro;1.1;Área de Planejamento 1;1;87;73;90;94;100;77;91;87;89;115;106;109;91;106;97;110;135;136;134;181;104;166;142;189;59;127
Parada de Lucas;47;VIGARIO GERAL;31;XXXI Vigário Geral;Penha;3.5;Área de Planejamento 3;3;680;659;690;760;726;724;730;919;743;802;721;805;622;692;534;636;490;560;420;571;288;405;269;549;109;208
Parque Anchieta;108;ANCHIETA;22;XXII Anchieta;Pavuna;3.6;Área de Planejamento 3;3;671;644;767;736;687;725;624;707;676;775;835;932;668;802;774;917;647;814;586;725;456;682;625;936;305;455
Parque Colúmbia;159;PAVUNA;25;XXV Pavuna;Pavuna;3.6;Área de Planejamento 3;3;314;270;309;303;298;288;250;311;247;297;258;267;224;291;225;273;256;292;182;252;137;169;142;200;75;119
Pavuna;114;PAVUNA;25;XXV Pavuna;Pavuna;3.6;Área de Planejamento 3;3;3149;3448;3520;4004;3377;3729;3186;3601;2980;3704;3304;3995;2744;3370;2614;3214;2420;3003;2087;2676;1575;2235;1721;2705;559;1169
Pechincha;121;JACAREPAGUA;16;XVI Jacarepaguá;Jacarepaguá;4.1;Área de Planejamento 4;4;957;889;1017;1154;1191;1270;1307;1515;1611;1796;1605;1921;1285;1549;1148;1424;1064;1446;1021;1443;866;1319;1026;1669;421;1020
Pedra de Guaratiba;153;GUARATIBA;26;XXVI Guaratiba;Guaratiba;5.4;Área de Planejamento 5;5;402;349;426;381;377;386;383;413;448;446;408;504;393;436;344;420;378;434;343;427;260;336;293;438;79;217
Penha;43;PENHA;11;XI Penha;Penha;3.5;Área de Planejamento 3;3;1702;1688;1937;2232;2002;2228;2176;2377;1983;2310;2037;2371;1609;1964;1532;2030;1536;2043;1560;2042;1236;1756;1363;2280;494;1239
Penha Circular;44;PENHA;11;XI Penha;Penha;3.5;Área de Planejamento 3;3;976;901;1221;1283;1137;1173;1247;1360;1237;1396;1328;1536;1178;1373;1077;1305;1056;1423;981;1352;872;1230;948;1622;451;1038
Piedade;69;MEIER;13;XIII Méier;Méier;3.2;Área de Planejamento 3;3;1093;1052;1324;1284;1202;1301;1232;1422;1372;1581;1466;1666;1204;1464;1145;1414;1134;1412;1081;1370;869;1270;932;1590;402;1031
Pilares;71;MEIER;13;XIII Méier;Méier;3.2;Área de Planejamento 3;3;703;672;788;813;770;836;707;800;671;850;798;997;684;862;676;863;660;901;633;920;551;770;607;1007;257;639
Pitangueiras;94;ILHA DO GOVERNADOR;20;XX Ilha do Governador;Ilha do Governador;3.7;Área de Planejamento 3;3;261;321;354;380;365;376;325;363;304;406;360;417;329;397;313;359;240;363;261;324;223;281;220;316;49;156
Portuguesa;103;ILHA DO GOVERNADOR;20;XX Ilha do Governador;Ilha do Governador;3.7;Área de Planejamento 3;3;525;539;670;698;699;704;630;694;698;790;690;834;607;743;580;690;493;719;462;647;415;681;594;1000;288;606
Praça da Bandeira;32;TIJUCA;8;VIII Tijuca;Tijuca;2.2;Área de Planejamento 2;2;149;144;194;223;260;268;249;296;297;321;235;280;186;265;208;254;218;299;201;275;175;258;207;417;133;298
Praça Seca;124;JACAREPAGUA;16;XVI Jacarepaguá;Jacarepaguá;4.1;Área de Planejamento 4;4;1950;1922;2115;2248;2216;2386;1994;2232;2094;2430;2216;2687;1907;2275;1761;2226;1730;2142;1544;2021;1190;1799;1320;2348;567;1370
Praia da Bandeira;95;ILHA DO GOVERNADOR;20;XX Ilha do Governador;Ilha do Governador;3.7;Área de Planejamento 3;3;143;123;171;149;175;184;221;190;182;228;228;238;160;209;157;189;137;187;138;187;98;151;129;254;61;112
Quintino Bocaiúva;79;MADUREIRA;15;XV Madureira;Madureira;3.3;Área de Planejamento 3;3;639;625;752;780;763;780;811;892;792;958;887;1006;760;951;748;950;760;968;757;997;574;880;674;1165;265;658
Ramos;41;RAMOS;10;X Ramos;Ramos;3.1;Área de Planejamento 3;3;949;962;1192;1144;1134;1188;1036;1165;1135;1286;1178;1371;1035;1308;1072;1283;967;1319;994;1282;792;1158;919;1469;429;986
Realengo;139;REALENGO;33;XXXIII Realengo;Bangu;5.1;Área de Planejamento 5;5;5350;5305;5804;6064;5812;6193;5179;5960;5617;6438;5858;6670;4980;5963;4760;5933;4643;5873;4239;5552;3352;4647;3615;5713;1158;2829
Recreio dos Bandeirantes;132;BARRA DA TIJUCA;24;XXIV Barra da Tijuca;Barra da Tijuca;4.2;Área de Planejamento 4;4;3682;3776;4417;4917;4506;5255;5271;6071;6040;6740;6702;7348;5447;6005;4776;4877;3950;4417;3486;3989;2877;3453;3284;4147;1032;2034
Riachuelo;59;MEIER;13;XIII Méier;Méier;3.2;Área de Planejamento 3;3;256;209;292;293;316;322;332;362;323;381;388;433;334;430;305;401;297;461;324;451;266;460;359;531;134;424
Ribeira;91;ILHA DO GOVERNADOR;20;XX Ilha do Governador;Ilha do Governador;3.7;Área de Planejamento 3;3;88;72;102;106;97;98;103;134;125;122;139;150;106;124;95;148;124;146;97;139;82;128;117;188;60;121
Ricardo de Albuquerque;109;ANCHIETA;22;XXII Anchieta;Pavuna;3.6;Área de Planejamento 3;3;946;936;996;1083;959;1019;853;1008;869;1031;966;1153;865;1017;882;907;751;931;719;884;517;681;570;821;187;400
Rio Comprido;7;RIO COMPRIDO;3;III Rio Comprido;Centro;1.1;Área de Planejamento 1;1;1039;1133;1419;1544;1399;1643;1486;1646;1501;1760;1530;1797;1153;1497;1114;1386;1063;1342;924;1256;709;1075;844;1322;316;740
Rocha;58;MEIER;13;XIII Méier;Méier;3.2;Área de Planejamento 3;3;566;570;594;636;572;643;564;643;590;643;537;662;430;531;393;487;343;475;338;472;234;357;288;472;104;274
Rocha Miranda;86;MADUREIRA;15;XV Madureira;Madureira;3.3;Área de Planejamento 3;3;1158;1070;1223;1248;1192;1205;1079;1271;1189;1391;1217;1469;1027;1309;1065;1366;1079;1312;946;1369;821;1212;914;1486;315;813
Rocinha;154;ROCINHA;27;XXVII Rocinha;Zona Sul;2.1;Área de Planejamento 2;2;2482;2558;3453;3491;3605;3546;3364;3306;3024;3187;2841;2984;2023;2108;1635;1778;1263;1504;920;1189;590;795;503;711;60;136
Sampaio;60;MEIER;13;XIII Méier;Méier;3.2;Área de Planejamento 3;3;299;292;355;335;312;337;265;320;301;349;309;320;257;344;225;278;204;263;190;239;166;270;185;281;62;158
Santa Cruz;149;SANTA CRUZ;19;XIX Santa Cruz;Santa Cruz;5.3;Área de Planejamento 5;5;9590;9117;9927;10158;9410;10290;8479;9568;8476;9867;8931;10145;7407;8786;6731;7755;5541;6719;4550;6138;3516;4773;3726;5282;823;1898
Santa Teresa;14;SANTA TEREZA;23;XXIII Santa Teresa;Centro;1.1;Área de Planejamento 1;1;905;868;1196;1260;1431;1589;1578;1633;1445;1487;1357;1530;1202;1365;1077;1210;1002;1205;934;1181;656;970;771;1200;233;593
Santíssimo;143;CAMPO GRANDE;18;XVIII Campo Grande;Campo Grande;5.2;Área de Planejamento 5;5;1533;1457;1768;1805;1669;1798;1587;1735;1692;1984;1823;2160;1622;1869;1546;1812;1371;1583;1112;1443;925;1116;980;1265;273;521
Santo Cristo;3;PORTUARIA;1;I Portuária;Centro;1.1;Área de Planejamento 1;1;342;339;398;446;378;378;338;355;351;384;350;388;308;364;269;326;250;288;219;305;190;269;221;288;49;153
São Conrado;31;LAGOA;6;VI Lagoa;Zona Sul;2.1;Área de Planejamento 2;2;225;210;264;259;286;285;291;320;320;324;342;413;319;369;272;327;286;387;309;402;266;342;489;578;237;317
São Francisco Xavier;57;MEIER;13;XIII Méier;Méier;3.2;Área de Planejamento 3;3;156;162;204;227;256;249;226;253;258;274;257;294;190;233;196;212;172;219;185;215;130;186;141;205;42;141
Saúde;1;PORTUARIA;1;I Portuária;Centro;1.1;Área de Planejamento 1;1;36;43;56;45;62;71;60;70;77;62;64;76;51;57;46;34;50;64;44;59;46;50;45;52;18;23
Senador Camará;142;BANGU;17;XVII Bangu;Bangu;5.1;Área de Planejamento 5;5;3410;3428;3932;4058;3255;3800;3239;3756;3413;4285;3736;4391;3262;3788;3146;3564;2650;3243;2254;2846;1841;2382;1782;2634;523;986
Senador Vasconcelos;145;CAMPO GRANDE;18;XVIII Campo Grande;Campo Grande;5.2;Área de Planejamento 5;5;1019;1023;1310;1225;1025;1135;1117;1175;1058;1208;1333;1432;1110;1213;1112;1308;882;1111;900;1100;597;845;725;1071;197;420
Sepetiba;150;SANTA CRUZ;19;XIX Santa Cruz;Santa Cruz;5.3;Área de Planejamento 5;5;2227;2118;2288;2291;1955;2136;1859;2085;1888;2147;1977;2273;1647;1961;1567;1880;1409;1801;1274;1637;1068;1332;1148;1523;304;606
Tanque;123;JACAREPAGUA;16;XVI Jacarepaguá;Jacarepaguá;4.1;Área de Planejamento 4;4;1047;1074;1253;1239;1283;1368;1271;1407;1343;1510;1316;1591;1039;1329;1050;1312;980;1256;908;1211;717;1056;809;1348;284;696
Taquara;122;JACAREPAGUA;16;XVI Jacarepaguá;Jacarepaguá;4.1;Área de Planejamento 4;4;2946;2839;3376;3417;3430;3798;3561;4203;3922;4705;4221;4883;3394;4044;3130;3877;3033;3859;2756;3812;2144;3354;2664;4367;975;2186
Tauá;101;ILHA DO GOVERNADOR;20;XX Ilha do Governador;Ilha do Governador;3.7;Área de Planejamento 3;3;815;798;1014;1040;947;1001;846;990;900;1097;1023;1104;843;1013;685;916;700;829;593;804;496;778;552;844;199;523
Tijuca;33;TIJUCA;8;VIII Tijuca;Tijuca;2.2;Área de Planejamento 2;2;3029;3047;3828;4057;4561;4981;4668;5075;4634;5345;4824;5771;4125;5200;3942;5213;4165;5652;4085;5798;3469;5497;4669;8489;2935;6846
Todos os Santos;64;MEIER;13;XIII Méier;Méier;3.2;Área de Planejamento 3;3;478;459;590;585;662;728;750;819;895;1024;904;1047;725;857;672;835;682;956;677;973;515;904;703;1242;368;778
Tomás Coelho;56;INHAUMA;12;XII Inhaúma;Inhaúma;3.4;Área de Planejamento 3;3;637;655;699;721;706;836;693;792;756;851;733;856;653;715;562;695;511;678;395;569;352;542;417;691;151;300
Turiaçú;85;MADUREIRA;15;XV Madureira;Madureira;3.3;Área de Planejamento 3;3;350;343;393;410;372;427;360;411;345;428;409;448;369;451;320;428;321;421;312;435;225;327;269;435;106;209
Urca;22;BOTAFOGO;4;IV Botafogo;Zona Sul;2.1;Área de Planejamento 2;2;105;112;110;117;96;155;114;173;233;265;267;255;223;221;144;185;159;167;144;162;107;142;160;267;109;198
Vargem Grande;131;BARRA DA TIJUCA;24;XXIV Barra da Tijuca;Barra da Tijuca;4.2;Área de Planejamento 4;4;741;630;778;784;702;765;745;869;819;909;888;920;742;856;706;745;545;602;496;505;378;393;337;387;95;274
Vargem Pequena;130;BARRA DA TIJUCA;24;XXIV Barra da Tijuca;Barra da Tijuca;4.2;Área de Planejamento 4;4;1075;980;1160;1173;1148;1265;1129;1302;1228;1417;1195;1324;1017;1164;890;980;704;865;565;669;378;495;352;548;108;219
Vasco da Gama;158;SAO CRISTOVAO;7;VII São Cristóvão;Centro;1.1;Área de Planejamento 1;1;425;448;576;560;570;569;584;645;525;556;499;621;410;551;394;508;377;441;319;392;232;302;264;409;85;219
Vaz Lobo;84;MADUREIRA;15;XV Madureira;Madureira;3.3;Área de Planejamento 3;3;328;314;340;409;368;364;345;411;385;465;415;477;357;368;326;396;289;374;274;358;221;371;268;436;96;251
Vicente de Carvalho;73;IRAJA;14;XIV Irajá;Madureira;3.3;Área de Planejamento 3;3;628;721;732;764;696;743;718;764;692;807;801;839;679;825;638;753;590;701;547;702;440;564;478;746;167;394
Vidigal;30;LAGOA;6;VI Lagoa;Zona Sul;2.1;Área de Planejamento 2;2;523;558;673;690;724;661;634;624;602;565;513;631;431;531;352;489;334;390;268;315;185;271;219;279;53;97
Vigário Geral;48;VIGARIO GERAL;31;XXXI Vigário Geral;Penha;3.5;Área de Planejamento 3;3;1193;1210;1380;1400;1251;1333;1112;1282;1066;1272;1118;1306;930;1148;913;1192;876;1077;804;1018;646;841;628;932;147;422
Vila da Penha;74;IRAJA;14;XIV Irajá;Madureira;3.3;Área de Planejamento 3;3;587;551;666;622;613;685;666;797;699;847;794;1014;739;937;780;915;781;1035;744;1020;610;936;788;1399;394;857
Vila Isabel;36;VILA ISABEL;9;IX Vila Isabel;Tijuca;2.2;Área de Planejamento 2;2;1514;1496;1860;1921;2165;2300;2244;2523;2315;2621;2237;2787;1884;2357;1756;2282;1828;2643;1833;2627;1619;2537;2034;3654;996;2564
Vila Kennedy;162;BANGU;17;XVII Bangu;Bangu;5.1;Área de Planejamento 5;5;769;777;788;907;825;874;723;821;698;771;674;822;614;766;627;743;628;817;533;679;388;506;352;597;127;300
Vila Kosmos;72;IRAJA;14;XIV Irajá;Madureira;3.3;Área de Planejamento 3;3;387;458;478;527;485;560;464;503;485;561;488;596;411;540;451;537;434;653;507;622;415;561;364;631;154;404
Vila Militar;135;REALENGO;33;XXXIII Realengo;Bangu;5.1;Área de Planejamento 5;5;402;393;426;424;478;512;617;594;515;552;451;503;436;494;376;413;289;376;249;363;180;352;299;435;72;150
Vila Valqueire;125;JACAREPAGUA;16;XVI Jacarepaguá;Jacarepaguá;4.1;Área de Planejamento 4;4;906;945;1120;1016;1034;1094;981;1148;1098;1276;1197;1434;1119;1345;1046;1293;1083;1411;1065;1347;833;1162;987;1509;429;893
Vista Alegre;75;IRAJA;14;XIV Irajá;Madureira;3.3;Área de Planejamento 3;3;429;420;491;477;554;605;556;668;563;682;655;708;505;619;550;606;542;695;485;677;432;612;478;762;174;500
Zumbi;92;ILHA DO GOVERNADOR;20;XX Ilha do Governador;Ilha do Governador;3.7;Área de Planejamento 3;3;41;38;41;48;59;51;37;55;69;81;80;88;48;63;59;69;55;80;66;75;45;64;64;97;27;59
